{
	"assets": {
		"sNSBT": {
			"3P2EDoG2nxrXGwcGT8RkGhWJje61ZMCuXr3": 1.198259,
			"3P2TLz84uJmStBo8SMmKharGELMiaeuhug3": 38.826866,
			"3P2xM1uH8BZ7JxrRD1XA6YQCgJG778gsR8W": 632.539858,
			"3P3HLMy2sHSNf7duqAZzYx8VNErNR7Y1wXd": 314.494459,
			"3P3JkmF2gpmckYBm9yACT5ijU1akzVj4t4w": 115.296817,
			"3P3S2ugYddc7invK1FKwXkVehPpj6tjAJC7": 1840.900601,
			"3P3oXxRen5fvB4soEk369FmgosDP34W88wZ": 22.029672,
			"3P3psH7zkCb9Ci2DL4KmpWaKSkyVsoNGJr7": 10.284534,
			"3P3u6qYDVkJcobUcCxv2fXmF7L21R3JzJrS": 213.594233,
			"3P3wBBhS2cVb9DmACj2iZo6We4w4wiyXc3D": 16.455901,
			"3P446RDwKrjUTibqYVa5DAJBwef6dLW41P7": 1.0,
			"3P44vsPLfr8GsotPJ6shXJzDLdj2G2t4cp6": 80.341949,
			"3P4APivZvL93ytVYEq9LMtSoRVHhkR4eumj": 25.508958,
			"3P4NVNgyoK8qMa2B61V8WueypSkkU8Weaad": 44.531763,
			"3P4Sg5gyazr3t19yyZST95zV27WBVSwDpyU": 1.129815,
			"3P4Uw8EE8k9FF4gvTT87WB92rpzscnJE9pp": 41.482426,
			"3P4Y2b5vGL9q8j3RxSRmgnZvF4JPUGEc916": 1.03898,
			"3P4Yj2iQHLz7e7ntxmUf6efxetC5MZFqEzs": 3.722591,
			"3P4ZsigCxZ7cZpbneQadEFKQweJq1EPxT42": 30.339584,
			"3P4aVcWoAmrjhaSH3bgCWyLGRhDZDkdhLeX": 6.000378,
			"3P4dqDyjLHx8Bu6k1kwAPFTi8Rru4uhXMuc": 10.002547,
			"3P4pFJL2FhqMgA1G3eLa5b2sWUatx3wpSRt": 3.606071,
			"3P4pz8ynFhuemKiLGdcBzTj6FPuuLjqMjnW": 104.634728,
			"3P4rBpiiQYHvRneRHeiBR6cSyLtdQo3EYvK": 820.733995,
			"3P4wj5i3zERsbTvGTNgdjuGP3jvypLHZdFY": 2.38941,
			"3P4xz2pCYtEQP79wiE6pvp3GXwTP36wrSeK": 5.204553,
			"3P4zZTyGPPY8fj7YoiuXShJGVTan2ssFkox": 12.397815,
			"3P5G5g3Wf8xGwX8jHUM456D12yibdi72qtX": 11.449934,
			"3P5SS6o6Tvphrq7vTS2PAtTFuTCD4MVtySt": 118.791441,
			"3P5SbdKRNd9kbDNi78RAnLPNLhz5iC6si1c": 10.101364,
			"3P5WhxvHWPs3Pp33VqrRqrnwavnhRLqxJor": 140.986722,
			"3P686PhHzKpUwWDtBgv54pAc1n7FLyN6KwF": 1132.998924,
			"3P6FjQcHZNggULXG8twvbjpsT1sBU8Sh2yv": 350.200795,
			"3P6GSdAKZcZ2ZjuMRTpoX5MikJnDjPnZ12A": 33.016494,
			"3P6Qdw4cuT9dvTHaHLRJ2iordKyMKJZqUg9": 14.046471,
			"3P6RBoTxEexUhfGjghd6eQJQcVvKcDJM4nb": 665.0,
			"3P6UzLCfpejjEQwrtZqPy9D3LWsb19y7T7P": 60.424311,
			"3P6Zmp1vxxjZ8W46YMizKqFPVMxiPJANcak": 1.796141,
			"3P6hrSKafE3Z65feqCyjV2d3YWkTuZnjtGb": 1.037203,
			"3P6qSg8dfAViyZr1urhCsT9Zi6r9eZ47u3T": 40.921729,
			"3P7PdgPv1qyZgg7Rdv6aNWG4EyXzBrNBW15": 126.007489,
			"3P7sZiGkdaRqeD46BUGarqAfVQHkD64Kf7f": 2.168317,
			"3P7xAvd8vBXYvRnYRqZ3EhHNMAXZFLZAaDr": 297.606957,
			"3P8SpdXyH15E6w1VEefRcGCvrAaYTTQEdQT": 139.264025,
			"3P8YwvwQEekMoWAPXT98pQK9JYemv5U3wch": 10.007164,
			"3P8Z657mGi1cZ5baCPYUnMMKxvFg8hDYvUE": 1968.528079,
			"3P8bxPavni6rQjNXWFnP6Xw68Bb8gyAB3pb": 2001.164854,
			"3P8imuZNCMwTGUYbbPgfaU9sZWkdeFHJV2p": 8.232299,
			"3P8ncQGuWzEhJe8VYm9jAX2LqbPtBmvd7xN": 1.350923,
			"3P8qVX189qpoTJZQQQdKS9endHK5sxWsvrd": 402.507975,
			"3P8r3Ryyyc426nWKnp7LPztU38MZ1uqSmXK": 20.872978,
			"3P8xw9b9fKityxD2BktZfCf4YL42AQLjuyi": 147.632858,
			"3P93R2GBkTGVehRPhytHr7sdxYww93jkbhm": 21.692438,
			"3P9KgMtz5FkYgjcqFtr4WwMqAfBWRKCQ7Wp": 4.913248,
			"3P9eNRHu1jReB9zn5QhQ7fSpB6SeUNcfttt": 180.172744,
			"3P9s2cJBcfqondA8jq4whoojer3BNFBvTQv": 5.552491,
			"3P9s72Y1s1CF8bMrxsfS3mvkhsXwDuDB2zn": 25.120749,
			"3P9yRDzKXCEjRvpJ7iktDojTyP8z3KgxsBZ": 7.344039,
			"3PA8kjmFQD86av7Dn8EW3YCagdADKDWWJ88": 4300.250391,
			"3PARNjEFc6dPLPo9zkGLvmAfosNpbXmPvv7": 135.014361,
			"3PARkkFNnnzqv88xJWrMTNRAvf6gYFZu1vS": 13.586219,
			"3PAac3dNbhhX9qo4oxCxo4GY8SXYUHADVa9": 124.700528,
			"3PAdttBakBzEkzxwZgC8vowk7Bero7EmMdU": 17.945785,
			"3PAf5qGEeLfSWx5scmzJTm9rNcvvxUaks7d": 151.056053,
			"3PAfJzJpYZvVkYFuzfRQSLqpCmrHwoi5bBC": 233.784713,
			"3PArCxohYzMmCmKB5sYjSfQmq5NL7bNrSwP": 100.350546,
			"3PAxGLZETHbaFYES4ss6ABZuZep8E6FT234": 41.176429,
			"3PB8TB1CigpBWu9nvKgCSfLbBFL58xeFtVu": 688.765243,
			"3PBQTUbhaWojsQctAiTXmJ9z7seyA9RnFRg": 57.833957,
			"3PBQfqaT5UsViwKYshy2UNXbBM5LVWDFzwb": 651.376667,
			"3PBkvahzfL8GYpCLoaSWR5i2NFZaPEMA8Aa": 8.050852,
			"3PBrnrJX63QFVqorQk99frw3pbNM9f8cpUw": 2.171423,
			"3PC1phQD1btZji13pxRRUeJUxNUFXvWU3Fs": 506.0,
			"3PCFWsfZzoaa3E1KtDsSE5ARCJuSzJGYV99": 17.800649,
			"3PCo4pe65y3QHCuUW3zjZfe16HQp6SxbkGz": 2.519413,
			"3PCuReXkig8yRhe6Crozb3cgXzpQywKTmBt": 3.424898,
			"3PD23MfxAfmx48FjBS27EnECNDpNCSKfcxP": 6.879555,
			"3PD8L27KvDGphBKDHpXLE8T2Y6KjCaaFKAZ": 9.236604,
			"3PDBQFLZ2NnZHzCkR3fJaKvMot6qhq7nTMe": 49.446097,
			"3PDMepsmhaighLKaWvzRTFUyGaqsDvTYbRi": 6.927158,
			"3PDwny281sPqcr4tZPUB6jceeMwVFc9Vtco": 214.747526,
			"3PE8phu6LWiNAWKQnu98VYxpX5ELd6BdVYo": 4.026004,
			"3PEEMaym7UXwHqBmLLM9H5R2dEWzTmeJa9H": 36.606076,
			"3PEKjne1WK8LwCrCmQDc2MsTVR6yZs99T39": 1.10286,
			"3PETR55hnhVZkzkhXdZ1QAenE5uwpLWijHZ": 22.751836,
			"3PEZeeiUbC8fF1ZMA7JZC8UQY2tNRFaEsRN": 22.561024,
			"3PEgrzzzuWgYYeaJJLDH1JwCGyHeSBb7VFf": 4.30331,
			"3PEhwuSCAKoURDA8fNNsEU6CkZ9sDLq1eTL": 3.153543,
			"3PEmo8VX3UUW78VYDYVLWxWViwyDFYVQHiW": 2.486636,
			"3PEp4Q28YqCV5tFr1kLdvxdSFPjTMhW5tS6": 14.443309,
			"3PEuWqiXgXJFZB6G1rK4bAvfn1GWLz9gDkq": 43.460083,
			"3PEwJY4FyvWAZoqbGhmYwc9LrevL1YCu7fg": 2.806378,
			"3PF17S8pi18mVsAPLGkU6goF17YYxkMFPdq": 8.118095,
			"3PF7eE5LpBvTVgP3wi7sXEUmaYo1Bw6PpBm": 51.993421,
			"3PF8dtsxmFhVVpFvDgbjXJN7YvMTPFkPTKt": 10.645906,
			"3PFB6LJyShsCKEA1AU1U1WLbDazqyj6ZL9b": 10.0,
			"3PFEqPQnDyUvwj2v5FycrNBubvUn68Z9Vm8": 1.317905,
			"3PFT1THjRyWssFaKRuBrqhq9HteKPd2GDBm": 9.175644,
			"3PFanYGrzST7Czo7S9nW5MU5JVcztr9YYr5": 26.937753,
			"3PFdMba4c6ozJ1SyL9wBgeufgSwFmSUDR3g": 4.393597,
			"3PFuh86ven3iW9LHnVmL7M9pxbfX3Bp1DWw": 300.004562,
			"3PGAYLKB49k17VsH7pKkWtzkscvtXHa81yS": 28.305924,
			"3PGCAp6z1m9iyUZTShUkT8mvBcTdRjxm1Sq": 16.921307,
			"3PGJFoxTAE2SkNYuwJEJMwAH3EKwNaNMKbh": 247.820612,
			"3PGWyi2kjenKb55PUHvyvh4zCMWHKNd2GKz": 2.019058,
			"3PGkHddUCDUA2z8WjnE6kY8DQoGPw4K5Yi6": 3.469347,
			"3PGmNnbmNTpXUgQKhRo5eNVgXv2LRWWT4VB": 1.379624,
			"3PGzWgEvnq1G8CcrXepSJqEqgjdbWxJDFKX": 1.454422,
			"3PH5j6XT8AL45Zi2JTX1fsh7rPeehqZeZ6R": 8.312073,
			"3PHFAavxj2ePJqFB46H2aRGA7oQL6kz1rJJ": 37.994426,
			"3PHLhcNbqwZ2pMH8VPXgfbZWpxXpW6cJfs3": 4.211576,
			"3PHfMs6Tm9qW3x6fiwViXHhx574uZHTsB6S": 2.598525,
			"3PHfr4X1sDBb9DQaDkuy7aMKp9AdVzRberP": 1.213632,
			"3PHiWaQatE59oZAz2TWYwtQX4ZQYL1khSgt": 13.855636,
			"3PHwty5aARqpqGs9wunARiopNaCDwLQTp9E": 48.350727,
			"3PJGeuAioCdPL4ymdUCuf1gJS1NHnpoW4Rt": 5.014728,
			"3PJLxRNhhhFobnSPNWvCahnsKti7pdX9P8W": 2.851551,
			"3PJineFBqcUCJWZJvPJUP88P7VRJjKhU87C": 207.775004,
			"3PJoKYS37TD1EeKbQyRES15CQmE57fY5uP2": 1684.040557,
			"3PK3GTp99eDiJb7FVRkNw3KA8AERBh76Dwi": 35.292591,
			"3PKBBUtNHhCx9eWVuvArBEdgjVBJiRr9iTN": 29.996725,
			"3PKDy4RH1bcGTWJRgqcaaoxeqUmPrpyTPvb": 47.644872,
			"3PKFUeqNyGerL8eX6XhtcNfShJ1kP2e55PS": 206.430734,
			"3PKHFX6W4aAr1e1b8MUTz5HmdWVUcjWhgY4": 1.368824,
			"3PKQWH28moESViCmW3LWcWBCxPmMdmzysiu": 44.677896,
			"3PLBFxFwMgTNPptA8RnygTpPYazoWeSf3BS": 115.946679,
			"3PLEdd9984zN48vC1GJ5ksk4XvaDXsP9jR1": 1.26584,
			"3PLGdTuPWPqC2h5bt1UgsrZBkUqK1ENJpq2": 150.0,
			"3PLoqgVd4KbQdaQ7axKJ8yYNqCqV4ajEMrk": 1454.919245,
			"3PM3hE4vNjeSVxa4DMg6FxLtsdcPNeW4Z5V": 17.701557,
			"3PM6W9PsbJmgtFGz33AacswXpFgQYSgxuk3": 16.321793,
			"3PM6rqNW2Nkez5aJVjbS18qxNfq2ArshQob": 260.213312,
			"3PMcMiMEs6w56NRGacksXtFG5zS7doE9fpL": 1982.905246,
			"3PMtKe2fVLBksUYB9LmF9BJi2e1DN27CRAr": 79.788604,
			"3PMwqgdbcjwHjBxGaciq3bRc9E4sCfKpvcc": 12.184481,
			"3PNG2s5UFgECzM4THBUHEUNteGziL2NiEaK": 9.608989,
			"3PNKdb9J64akaZnM1AaJf3jXsmuESt8N4x5": 3.483059,
			"3PNjJLBNZqqSSek3Za7y4Z6UXdcBk2WATtN": 5.497169,
			"3PNpVXtoKq3uwvrQ4ghZKjcEYJEJ1zassvF": 1.664049,
			"3PP3DF93xSoXHoSfcy3JQ6BYE8ENqg6BY8w": 14.917409,
			"3PPAG1pKeHMikPfLjZWZXwgrd6CnvxcwGCH": 1.388015,
			"3PPJTM72NzbzUiBZMX2MviJF58GFCVCtpSw": 253.255001,
			"3PPK7G7BQf3yWQdXapuBhEhYkaqNBfcvNtk": 2292.156674,
			"3PPhb9KHUAsQTUrhGFs1dArMrnPBYwFR9fM": 27.780921,
			"3PQ3XKogfHi3p121XDjCFD1CKS33XLzkEgy": 31.262296,
			"3PQ7Avx7jpviuq4fkt33z5obG6LX8Yj2ETj": 432.070434,
			"3PQCFkZgdcjX8SwjvWjYUP2nGxeL3SnfKWL": 53.5,
			"3PQKzzXDrgbDxTeLDCtmMKqjR2UhpvSQe5z": 182.059946,
			"3PQRdFwrRmc6qV3zXo8SWVEkYKWUrZcUu6N": 54.203431,
			"3PQUZMnSGzmdi4SJbJZ55ouQV4bUEDPEvhz": 11.944926,
			"3PQWVJaoFvzEhNWSYaRY5XZxDfQSULtUHti": 5.5091,